{
  "version": 1,
  "author": "Anonymous maker",
  "editor": "wokwi",
  "parts": [
    {
      "type": "wokwi-esp32-devkit-v1",
      "id": "esp",
      "top": 0,
      "left": 0,
      "attrs": { "builder": "esp-idf" }
    },
    {
      "type": "wokwi-led",
      "id": "led1",
      "top": 34.8,
      "left": 176.6,
      "attrs": { "color": "blue" }
    },
    { "type": "wokwi-led", "id": "led2", "top": 34.8, "left": 128.6, "attrs": { "color": "red" } },
    {
      "type": "wokwi-resistor",
      "id": "r1",
      "top": 110.4,
      "left": 172.25,
      "rotate": 90,
      "attrs": { "value": "1000" }
    },
    {
      "type": "wokwi-resistor",
      "id": "r2",
      "top": 110.4,
      "left": 124.25,
      "rotate": 90,
      "attrs": { "value": "1000" }
    },
    { "type": "wokwi-led", "id": "led3", "top": 34.8, "left": 147.8, "attrs": { "color": "red" } },
    {
      "type": "wokwi-resistor",
      "id": "r3",
      "top": 110.4,
      "left": 143.45,
      "rotate": 90,
      "attrs": { "value": "1000" }
    },
    {
      "type": "wokwi-led",
      "id": "led4",
      "top": 34.8,
      "left": 195.8,
      "attrs": { "color": "blue" }
    },
    {
      "type": "wokwi-resistor",
      "id": "r4",
      "top": 110.4,
      "left": 191.45,
      "rotate": 90,
      "attrs": { "value": "1000" }
    }
  ],
  "connections": [
    [ "esp:TX0", "$serialMonitor:RX", "", [] ],
    [ "esp:RX0", "$serialMonitor:TX", "", [] ],
    [ "led2:C", "esp:GND.1", "green", [ "v0" ] ],
    [ "led1:C", "esp:GND.1", "green", [ "v0" ] ],
    [ "esp:D5", "r2:2", "green", [ "h23.5", "v52.7" ] ],
    [ "r2:1", "led2:A", "green", [ "h0" ] ],
    [ "r1:1", "led1:A", "green", [ "h0" ] ],
    [ "esp:D4", "r1:2", "green", [ "h23.5", "v24" ] ],
    [ "esp:GND.1", "led3:C", "green", [ "h0" ] ],
    [ "r3:2", "esp:D5", "green", [ "h-57.6", "v-49.2" ] ],
    [ "led3:A", "r3:1", "green", [ "v0" ] ],
    [ "led4:A", "r4:1", "green", [ "v0" ] ],
    [ "esp:GND.1", "led4:C", "green", [ "h0" ] ],
    [ "esp:D4", "r4:2", "green", [ "h33.1", "v24" ] ]
  ],
  "dependencies": {}
}